[
  {
    "name": "Zul-Harcinqa",
    "id": 1616,
    "x": 2192,
    "z": 3055,
    "direction": "E"
  },
  {
    "name": "Zul-Areth",
    "id": 2040,
    "x": 2197,
    "z": 3061,
    "radius": 1
  },
  {
    "name": "Zul-Aniel",
    "id": 2039,
    "x": 2194,
    "z": 3059,
    "radius": 1
  },
  {
    "name": "Zul-Cheray",
    "id": 2035,
    "x": 2204,
    "z": 3050
  },
  {
    "name": "Zul-Onan",
    "id": 2038,
    "x": 2189,
    "z": 3069,
    "direction": "N"
  },
  {
    "name": "Zul-Urgish",
    "id": 2034,
    "x": 2199,
    "z": 3055,
    "radius": 1
  },
  {
    "name": "Zul-Gutusolly",
    "id": 2036,
    "x": 2201,
    "z": 3049,
    "radius": 1
  },
  {
    "name": "Sacrifice",
    "id": 2037,
    "x": 2210,
    "z": 3056,
    "radius": 1
  },
  {
    "name": "Zul-Gwenwynig",
    "id": 2033,
    "x": 2212,
    "z": 3056,
    "radius": 1
  }
]