{
  "username": "1233t23g2",
  "displayName": "1233t23g2",
  "password": "g23g2323g",
  "receivedStarter": true,
  "tile": {
    "x": 3096,
    "z": 3494,
    "level": 0
  },
  "privilege": "ADMIN",
  "migration": 0,
  "skullIcon": -1,
  "prayerIcon": -1,
  "debug": false,
  "kills": 0,
  "deaths": 0,
  "inventory": [
    {
      "id": 5698,
      "amount": 1
    },
    {
      "id": 145,
      "amount": 1
    },
    {
      "id": 157,
      "amount": 1
    },
    {
      "id": 163,
      "amount": 1
    },
    {
      "id": 4153,
      "amount": 1
    },
    {
      "id": 385,
      "amount": 1
    },
    {
      "id": 385,
      "amount": 1
    },
    {
      "id": 385,
      "amount": 1
    },
    {
      "id": 385,
      "amount": 1
    },
    {
      "id": 385,
      "amount": 1
    },
    {
      "id": 385,
      "amount": 1
    },
    {
      "id": 385,
      "amount": 1
    },
    {
      "id": 385,
      "amount": 1
    },
    {
      "id": 385,
      "amount": 1
    },
    {
      "id": 385,
      "amount": 1
    },
    {
      "id": 385,
      "amount": 1
    },
    {
      "id": 385,
      "amount": 1
    },
    {
      "id": 385,
      "amount": 1
    },
    {
      "id": 385,
      "amount": 1
    },
    {
      "id": 385,
      "amount": 1
    },
    {
      "id": 385,
      "amount": 1
    },
    {
      "id": 385,
      "amount": 1
    },
    {
      "id": 385,
      "amount": 1
    },
    {
      "id": 385,
      "amount": 1
    },
    {
      "id": 385,
      "amount": 1
    },
    {
      "id": 385,
      "amount": 1
    },
    {
      "id": 385,
      "amount": 1
    },
    {
      "id": 385,
      "amount": 1
    }
  ],
  "equipment": [
    {
      "id": 10828,
      "amount": 1
    },
    {
      "id": 6570,
      "amount": 1
    },
    {
      "id": 6585,
      "amount": 1
    },
    {
      "id": 12006,
      "amount": 1
    },
    {
      "id": 10551,
      "amount": 1
    },
    {
      "id": 12954,
      "amount": 1
    },
    null,
    {
      "id": 4722,
      "amount": 1
    },
    null,
    {
      "id": 7462,
      "amount": 1
    },
    {
      "id": 11840,
      "amount": 1
    },
    null,
    {
      "id": 11773,
      "amount": 1
    },
    null
  ],
  "loadout": {
    "inventory": [
      null,
      null,
      null,
      null,
      null,
      null,
      null,
      null,
      null,
      null,
      null,
      null,
      null,
      null,
      null,
      null,
      null,
      null,
      null,
      null,
      null,
      null,
      null,
      null,
      null,
      null,
      null,
      null
    ],
    "equipment": [
      null,
      null,
      null,
      null,
      null,
      null,
      null,
      null,
      null,
      null,
      null,
      null,
      null,
      null
    ]
  },
  "bank": [
    {
      "id": 0,
      "amount": 1
    },
    {
      "id": 1,
      "amount": 1
    },
    {
      "id": 2,
      "amount": 1
    },
    {
      "id": 3,
      "amount": 1
    },
    {
      "id": 4,
      "amount": 1
    },
    {
      "id": 5,
      "amount": 1
    },
    {
      "id": 6,
      "amount": 1
    },
    {
      "id": 7,
      "amount": 1
    },
    {
      "id": 8,
      "amount": 1
    },
    {
      "id": 9,
      "amount": 1
    },
    {
      "id": 10,
      "amount": 1
    },
    {
      "id": 11,
      "amount": 1
    },
    {
      "id": 12,
      "amount": 1
    },
    {
      "id": 13,
      "amount": 1
    },
    {
      "id": 14,
      "amount": 1
    },
    {
      "id": 15,
      "amount": 1
    },
    {
      "id": 16,
      "amount": 1
    },
    {
      "id": 17,
      "amount": 1
    },
    {
      "id": 18,
      "amount": 1
    },
    {
      "id": 19,
      "amount": 1
    },
    {
      "id": 20,
      "amount": 1
    },
    {
      "id": 21,
      "amount": 1
    },
    {
      "id": 22,
      "amount": 1
    },
    {
      "id": 23,
      "amount": 1
    },
    {
      "id": 24,
      "amount": 1
    },
    {
      "id": 25,
      "amount": 1
    },
    {
      "id": 26,
      "amount": 1
    },
    {
      "id": 27,
      "amount": 1
    },
    {
      "id": 28,
      "amount": 1
    },
    {
      "id": 29,
      "amount": 1
    },
    {
      "id": 30,
      "amount": 1
    },
    {
      "id": 31,
      "amount": 1
    },
    {
      "id": 32,
      "amount": 1
    },
    {
      "id": 33,
      "amount": 1
    },
    {
      "id": 34,
      "amount": 1
    },
    {
      "id": 35,
      "amount": 1
    },
    {
      "id": 36,
      "amount": 1
    },
    {
      "id": 37,
      "amount": 1
    },
    {
      "id": 38,
      "amount": 1
    },
    {
      "id": 39,
      "amount": 1
    },
    {
      "id": 40,
      "amount": 1
    },
    {
      "id": 41,
      "amount": 1
    },
    {
      "id": 42,
      "amount": 1
    },
    {
      "id": 43,
      "amount": 1
    },
    {
      "id": 44,
      "amount": 1
    },
    {
      "id": 45,
      "amount": 1
    },
    {
      "id": 46,
      "amount": 1
    },
    {
      "id": 47,
      "amount": 1
    },
    {
      "id": 48,
      "amount": 1
    },
    {
      "id": 49,
      "amount": 1
    },
    {
      "id": 50,
      "amount": 1
    },
    {
      "id": 51,
      "amount": 1
    },
    {
      "id": 52,
      "amount": 1
    },
    {
      "id": 53,
      "amount": 1
    },
    {
      "id": 54,
      "amount": 1
    },
    {
      "id": 55,
      "amount": 1
    },
    {
      "id": 56,
      "amount": 1
    },
    {
      "id": 57,
      "amount": 1
    },
    {
      "id": 58,
      "amount": 1
    },
    {
      "id": 59,
      "amount": 1
    },
    {
      "id": 60,
      "amount": 1
    },
    {
      "id": 61,
      "amount": 1
    },
    {
      "id": 62,
      "amount": 1
    },
    {
      "id": 63,
      "amount": 1
    },
    {
      "id": 64,
      "amount": 1
    },
    {
      "id": 65,
      "amount": 1
    },
    {
      "id": 66,
      "amount": 1
    },
    {
      "id": 67,
      "amount": 1
    },
    {
      "id": 68,
      "amount": 1
    },
    {
      "id": 69,
      "amount": 1
    },
    {
      "id": 70,
      "amount": 1
    },
    {
      "id": 71,
      "amount": 1
    },
    {
      "id": 72,
      "amount": 1
    },
    {
      "id": 73,
      "amount": 1
    },
    {
      "id": 74,
      "amount": 1
    },
    {
      "id": 75,
      "amount": 1
    },
    {
      "id": 76,
      "amount": 1
    },
    {
      "id": 77,
      "amount": 1
    },
    {
      "id": 78,
      "amount": 1
    },
    {
      "id": 79,
      "amount": 1
    },
    {
      "id": 80,
      "amount": 1
    },
    {
      "id": 81,
      "amount": 1
    },
    {
      "id": 82,
      "amount": 1
    },
    {
      "id": 83,
      "amount": 1
    },
    {
      "id": 84,
      "amount": 1
    },
    {
      "id": 85,
      "amount": 1
    },
    {
      "id": 86,
      "amount": 1
    },
    {
      "id": 87,
      "amount": 1
    },
    {
      "id": 88,
      "amount": 1
    },
    {
      "id": 89,
      "amount": 1
    },
    {
      "id": 90,
      "amount": 1
    },
    {
      "id": 91,
      "amount": 1
    },
    {
      "id": 92,
      "amount": 1
    },
    {
      "id": 93,
      "amount": 1
    },
    {
      "id": 94,
      "amount": 1
    },
    {
      "id": 95,
      "amount": 1
    },
    {
      "id": 96,
      "amount": 1
    },
    {
      "id": 97,
      "amount": 1
    },
    {
      "id": 98,
      "amount": 1
    },
    {
      "id": 99,
      "amount": 1
    },
    {
      "id": 100,
      "amount": 1
    },
    {
      "id": 101,
      "amount": 1
    },
    {
      "id": 102,
      "amount": 1
    },
    {
      "id": 103,
      "amount": 1
    },
    {
      "id": 104,
      "amount": 1
    },
    {
      "id": 105,
      "amount": 1
    },
    {
      "id": 106,
      "amount": 1
    },
    {
      "id": 107,
      "amount": 1
    },
    {
      "id": 108,
      "amount": 1
    },
    {
      "id": 109,
      "amount": 1
    },
    {
      "id": 110,
      "amount": 1
    },
    {
      "id": 111,
      "amount": 1
    },
    {
      "id": 112,
      "amount": 1
    },
    {
      "id": 113,
      "amount": 1
    },
    {
      "id": 114,
      "amount": 1
    },
    {
      "id": 115,
      "amount": 1
    },
    {
      "id": 116,
      "amount": 1
    },
    {
      "id": 117,
      "amount": 1
    },
    {
      "id": 118,
      "amount": 1
    },
    {
      "id": 119,
      "amount": 1
    },
    {
      "id": 120,
      "amount": 1
    },
    {
      "id": 121,
      "amount": 1
    },
    {
      "id": 122,
      "amount": 1
    },
    {
      "id": 123,
      "amount": 1
    },
    {
      "id": 124,
      "amount": 1
    },
    {
      "id": 125,
      "amount": 1
    },
    {
      "id": 126,
      "amount": 1
    },
    {
      "id": 127,
      "amount": 1
    },
    {
      "id": 128,
      "amount": 1
    },
    {
      "id": 129,
      "amount": 1
    },
    {
      "id": 130,
      "amount": 1
    },
    {
      "id": 131,
      "amount": 1
    },
    {
      "id": 132,
      "amount": 1
    },
    {
      "id": 133,
      "amount": 1
    },
    {
      "id": 134,
      "amount": 1
    },
    {
      "id": 135,
      "amount": 1
    },
    {
      "id": 136,
      "amount": 1
    },
    {
      "id": 137,
      "amount": 1
    },
    {
      "id": 138,
      "amount": 1
    },
    {
      "id": 139,
      "amount": 1
    },
    {
      "id": 140,
      "amount": 1
    },
    {
      "id": 141,
      "amount": 1
    },
    {
      "id": 142,
      "amount": 1
    },
    {
      "id": 143,
      "amount": 1
    },
    {
      "id": 144,
      "amount": 1
    },
    {
      "id": 145,
      "amount": 1
    },
    {
      "id": 146,
      "amount": 1
    },
    {
      "id": 147,
      "amount": 1
    },
    {
      "id": 148,
      "amount": 1
    },
    {
      "id": 149,
      "amount": 1
    },
    {
      "id": 150,
      "amount": 1
    },
    {
      "id": 151,
      "amount": 1
    },
    {
      "id": 152,
      "amount": 1
    },
    {
      "id": 153,
      "amount": 1
    },
    {
      "id": 154,
      "amount": 1
    },
    {
      "id": 155,
      "amount": 1
    },
    {
      "id": 156,
      "amount": 1
    },
    {
      "id": 157,
      "amount": 1
    },
    {
      "id": 158,
      "amount": 1
    },
    {
      "id": 159,
      "amount": 1
    },
    {
      "id": 160,
      "amount": 1
    },
    {
      "id": 161,
      "amount": 1
    },
    {
      "id": 162,
      "amount": 1
    },
    {
      "id": 163,
      "amount": 1
    },
    {
      "id": 164,
      "amount": 1
    },
    {
      "id": 165,
      "amount": 1
    },
    {
      "id": 166,
      "amount": 1
    },
    {
      "id": 167,
      "amount": 1
    },
    {
      "id": 168,
      "amount": 1
    },
    {
      "id": 169,
      "amount": 1
    },
    {
      "id": 170,
      "amount": 1
    },
    {
      "id": 171,
      "amount": 1
    },
    {
      "id": 172,
      "amount": 1
    },
    {
      "id": 173,
      "amount": 1
    },
    {
      "id": 174,
      "amount": 1
    },
    {
      "id": 175,
      "amount": 1
    },
    {
      "id": 176,
      "amount": 1
    },
    {
      "id": 177,
      "amount": 1
    },
    {
      "id": 178,
      "amount": 1
    },
    {
      "id": 179,
      "amount": 1
    },
    {
      "id": 180,
      "amount": 1
    },
    {
      "id": 181,
      "amount": 1
    },
    {
      "id": 182,
      "amount": 1
    },
    {
      "id": 183,
      "amount": 1
    },
    {
      "id": 184,
      "amount": 1
    },
    {
      "id": 185,
      "amount": 1
    },
    {
      "id": 186,
      "amount": 1
    },
    {
      "id": 187,
      "amount": 1
    },
    {
      "id": 188,
      "amount": 1
    },
    {
      "id": 189,
      "amount": 1
    },
    {
      "id": 190,
      "amount": 1
    },
    {
      "id": 191,
      "amount": 1
    },
    {
      "id": 192,
      "amount": 1
    },
    {
      "id": 193,
      "amount": 1
    },
    {
      "id": 194,
      "amount": 1
    },
    {
      "id": 195,
      "amount": 1
    },
    {
      "id": 196,
      "amount": 1
    },
    {
      "id": 197,
      "amount": 1
    },
    {
      "id": 198,
      "amount": 1
    },
    {
      "id": 199,
      "amount": 1
    },
    {
      "id": 200,
      "amount": 1
    },
    {
      "id": 201,
      "amount": 1
    },
    {
      "id": 202,
      "amount": 1
    },
    {
      "id": 203,
      "amount": 1
    },
    {
      "id": 204,
      "amount": 1
    },
    {
      "id": 205,
      "amount": 1
    },
    {
      "id": 206,
      "amount": 1
    },
    {
      "id": 207,
      "amount": 1
    },
    {
      "id": 208,
      "amount": 1
    },
    {
      "id": 209,
      "amount": 1
    },
    {
      "id": 210,
      "amount": 1
    },
    {
      "id": 211,
      "amount": 1
    },
    {
      "id": 212,
      "amount": 1
    },
    {
      "id": 213,
      "amount": 1
    },
    {
      "id": 214,
      "amount": 1
    },
    {
      "id": 215,
      "amount": 1
    },
    {
      "id": 216,
      "amount": 1
    },
    {
      "id": 217,
      "amount": 1
    },
    {
      "id": 218,
      "amount": 1
    },
    {
      "id": 219,
      "amount": 1
    },
    {
      "id": 220,
      "amount": 1
    },
    {
      "id": 221,
      "amount": 1
    },
    {
      "id": 222,
      "amount": 1
    },
    {
      "id": 223,
      "amount": 1
    },
    {
      "id": 224,
      "amount": 1
    },
    {
      "id": 225,
      "amount": 1
    },
    {
      "id": 226,
      "amount": 1
    },
    {
      "id": 227,
      "amount": 1
    },
    {
      "id": 228,
      "amount": 1
    },
    {
      "id": 229,
      "amount": 1
    },
    {
      "id": 230,
      "amount": 1
    },
    {
      "id": 231,
      "amount": 1
    },
    {
      "id": 232,
      "amount": 1
    },
    {
      "id": 233,
      "amount": 1
    },
    {
      "id": 234,
      "amount": 1
    },
    {
      "id": 235,
      "amount": 1
    },
    {
      "id": 236,
      "amount": 1
    },
    {
      "id": 237,
      "amount": 1
    },
    {
      "id": 238,
      "amount": 1
    },
    {
      "id": 239,
      "amount": 1
    },
    {
      "id": 240,
      "amount": 1
    },
    {
      "id": 241,
      "amount": 1
    },
    {
      "id": 242,
      "amount": 1
    },
    {
      "id": 243,
      "amount": 1
    },
    {
      "id": 244,
      "amount": 1
    },
    {
      "id": 245,
      "amount": 1
    },
    {
      "id": 246,
      "amount": 1
    },
    {
      "id": 247,
      "amount": 1
    },
    {
      "id": 248,
      "amount": 1
    },
    {
      "id": 249,
      "amount": 1
    },
    {
      "id": 250,
      "amount": 1
    },
    {
      "id": 251,
      "amount": 1
    },
    {
      "id": 252,
      "amount": 1
    },
    {
      "id": 253,
      "amount": 1
    },
    {
      "id": 254,
      "amount": 1
    },
    {
      "id": 255,
      "amount": 1
    },
    {
      "id": 256,
      "amount": 1
    },
    {
      "id": 257,
      "amount": 1
    },
    {
      "id": 258,
      "amount": 1
    },
    {
      "id": 259,
      "amount": 1
    },
    {
      "id": 260,
      "amount": 1
    },
    {
      "id": 261,
      "amount": 1
    },
    {
      "id": 262,
      "amount": 1
    },
    {
      "id": 263,
      "amount": 1
    },
    {
      "id": 264,
      "amount": 1
    },
    {
      "id": 265,
      "amount": 1
    },
    {
      "id": 266,
      "amount": 1
    },
    {
      "id": 267,
      "amount": 1
    },
    {
      "id": 268,
      "amount": 1
    },
    {
      "id": 269,
      "amount": 1
    },
    {
      "id": 270,
      "amount": 1
    },
    {
      "id": 271,
      "amount": 1
    },
    {
      "id": 272,
      "amount": 1
    },
    {
      "id": 273,
      "amount": 1
    },
    {
      "id": 274,
      "amount": 1
    },
    {
      "id": 275,
      "amount": 1
    },
    {
      "id": 276,
      "amount": 1
    },
    {
      "id": 277,
      "amount": 1
    },
    {
      "id": 278,
      "amount": 1
    },
    {
      "id": 279,
      "amount": 1
    },
    {
      "id": 280,
      "amount": 1
    },
    {
      "id": 281,
      "amount": 1
    },
    {
      "id": 282,
      "amount": 1
    },
    {
      "id": 283,
      "amount": 1
    },
    {
      "id": 284,
      "amount": 1
    },
    {
      "id": 285,
      "amount": 1
    },
    {
      "id": 286,
      "amount": 1
    },
    {
      "id": 287,
      "amount": 1
    },
    {
      "id": 288,
      "amount": 1
    },
    {
      "id": 289,
      "amount": 1
    },
    {
      "id": 290,
      "amount": 1
    },
    {
      "id": 291,
      "amount": 1
    },
    {
      "id": 292,
      "amount": 1
    },
    {
      "id": 293,
      "amount": 1
    },
    {
      "id": 294,
      "amount": 1
    },
    {
      "id": 295,
      "amount": 1
    },
    {
      "id": 296,
      "amount": 1
    },
    {
      "id": 297,
      "amount": 1
    },
    {
      "id": 298,
      "amount": 1
    },
    {
      "id": 299,
      "amount": 1
    },
    {
      "id": 300,
      "amount": 1
    },
    {
      "id": 301,
      "amount": 1
    },
    {
      "id": 302,
      "amount": 1
    },
    {
      "id": 303,
      "amount": 1
    },
    {
      "id": 304,
      "amount": 1
    },
    {
      "id": 305,
      "amount": 1
    },
    {
      "id": 306,
      "amount": 1
    },
    {
      "id": 307,
      "amount": 1
    },
    {
      "id": 308,
      "amount": 1
    },
    {
      "id": 309,
      "amount": 1
    },
    {
      "id": 310,
      "amount": 1
    },
    {
      "id": 311,
      "amount": 1
    },
    {
      "id": 312,
      "amount": 1
    },
    {
      "id": 313,
      "amount": 1
    },
    {
      "id": 314,
      "amount": 1
    },
    {
      "id": 315,
      "amount": 1
    },
    {
      "id": 316,
      "amount": 1
    },
    {
      "id": 317,
      "amount": 1
    },
    {
      "id": 318,
      "amount": 1
    },
    {
      "id": 319,
      "amount": 1
    },
    {
      "id": 320,
      "amount": 1
    },
    {
      "id": 321,
      "amount": 1
    },
    {
      "id": 322,
      "amount": 1
    },
    {
      "id": 323,
      "amount": 1
    },
    {
      "id": 324,
      "amount": 1
    },
    {
      "id": 325,
      "amount": 1
    },
    {
      "id": 326,
      "amount": 1
    },
    {
      "id": 327,
      "amount": 1
    },
    {
      "id": 328,
      "amount": 1
    },
    {
      "id": 329,
      "amount": 1
    },
    {
      "id": 330,
      "amount": 1
    },
    {
      "id": 331,
      "amount": 1
    },
    {
      "id": 332,
      "amount": 1
    },
    {
      "id": 333,
      "amount": 1
    },
    {
      "id": 334,
      "amount": 1
    },
    {
      "id": 335,
      "amount": 1
    },
    {
      "id": 336,
      "amount": 1
    },
    {
      "id": 337,
      "amount": 1
    },
    {
      "id": 338,
      "amount": 1
    },
    {
      "id": 339,
      "amount": 1
    },
    {
      "id": 340,
      "amount": 1
    },
    {
      "id": 341,
      "amount": 1
    },
    {
      "id": 342,
      "amount": 1
    },
    {
      "id": 343,
      "amount": 1
    },
    {
      "id": 344,
      "amount": 1
    },
    {
      "id": 345,
      "amount": 1
    },
    {
      "id": 346,
      "amount": 1
    },
    {
      "id": 347,
      "amount": 1
    },
    {
      "id": 348,
      "amount": 1
    },
    {
      "id": 349,
      "amount": 1
    },
    {
      "id": 350,
      "amount": 1
    },
    {
      "id": 351,
      "amount": 1
    },
    {
      "id": 352,
      "amount": 1
    },
    {
      "id": 353,
      "amount": 1
    },
    {
      "id": 354,
      "amount": 1
    },
    {
      "id": 355,
      "amount": 1
    },
    {
      "id": 356,
      "amount": 1
    },
    {
      "id": 357,
      "amount": 1
    },
    {
      "id": 358,
      "amount": 1
    },
    {
      "id": 359,
      "amount": 1
    },
    {
      "id": 360,
      "amount": 1
    },
    {
      "id": 361,
      "amount": 1
    },
    {
      "id": 362,
      "amount": 1
    },
    {
      "id": 363,
      "amount": 1
    },
    {
      "id": 364,
      "amount": 1
    },
    {
      "id": 365,
      "amount": 1
    },
    {
      "id": 366,
      "amount": 1
    },
    {
      "id": 367,
      "amount": 1
    },
    {
      "id": 368,
      "amount": 1
    },
    {
      "id": 369,
      "amount": 1
    },
    {
      "id": 370,
      "amount": 1
    },
    {
      "id": 371,
      "amount": 1
    },
    {
      "id": 372,
      "amount": 1
    },
    {
      "id": 373,
      "amount": 1
    },
    {
      "id": 374,
      "amount": 1
    },
    {
      "id": 375,
      "amount": 1
    },
    {
      "id": 376,
      "amount": 1
    },
    {
      "id": 377,
      "amount": 1
    },
    {
      "id": 378,
      "amount": 1
    },
    {
      "id": 379,
      "amount": 1
    },
    {
      "id": 380,
      "amount": 1
    },
    {
      "id": 381,
      "amount": 1
    },
    {
      "id": 382,
      "amount": 1
    },
    {
      "id": 383,
      "amount": 1
    },
    {
      "id": 384,
      "amount": 1
    },
    {
      "id": 385,
      "amount": 1
    },
    {
      "id": 386,
      "amount": 1
    },
    {
      "id": 387,
      "amount": 1
    },
    {
      "id": 388,
      "amount": 1
    },
    {
      "id": 389,
      "amount": 1
    },
    {
      "id": 390,
      "amount": 1
    },
    {
      "id": 391,
      "amount": 1
    },
    {
      "id": 392,
      "amount": 1
    },
    {
      "id": 393,
      "amount": 1
    },
    {
      "id": 394,
      "amount": 1
    },
    {
      "id": 395,
      "amount": 1
    },
    {
      "id": 396,
      "amount": 1
    },
    {
      "id": 397,
      "amount": 1
    },
    {
      "id": 398,
      "amount": 1
    },
    {
      "id": 399,
      "amount": 1
    },
    {
      "id": 400,
      "amount": 1
    },
    {
      "id": 401,
      "amount": 1
    },
    {
      "id": 402,
      "amount": 1
    },
    {
      "id": 403,
      "amount": 1
    },
    {
      "id": 404,
      "amount": 1
    },
    {
      "id": 405,
      "amount": 1
    },
    {
      "id": 406,
      "amount": 1
    },
    {
      "id": 407,
      "amount": 1
    },
    {
      "id": 408,
      "amount": 1
    },
    {
      "id": 409,
      "amount": 1
    },
    {
      "id": 410,
      "amount": 1
    },
    {
      "id": 411,
      "amount": 1
    },
    {
      "id": 412,
      "amount": 1
    },
    {
      "id": 413,
      "amount": 1
    },
    {
      "id": 414,
      "amount": 1
    },
    {
      "id": 415,
      "amount": 1
    },
    {
      "id": 416,
      "amount": 1
    },
    {
      "id": 417,
      "amount": 1
    },
    {
      "id": 418,
      "amount": 1
    },
    {
      "id": 419,
      "amount": 1
    },
    {
      "id": 420,
      "amount": 1
    },
    {
      "id": 421,
      "amount": 1
    },
    {
      "id": 422,
      "amount": 1
    },
    {
      "id": 423,
      "amount": 1
    },
    {
      "id": 424,
      "amount": 1
    },
    {
      "id": 425,
      "amount": 1
    },
    {
      "id": 426,
      "amount": 1
    },
    {
      "id": 427,
      "amount": 1
    },
    {
      "id": 428,
      "amount": 1
    },
    {
      "id": 429,
      "amount": 1
    },
    {
      "id": 430,
      "amount": 1
    },
    {
      "id": 431,
      "amount": 1
    },
    {
      "id": 432,
      "amount": 1
    },
    {
      "id": 433,
      "amount": 1
    },
    {
      "id": 434,
      "amount": 1
    },
    {
      "id": 435,
      "amount": 1
    },
    {
      "id": 436,
      "amount": 1
    },
    {
      "id": 437,
      "amount": 1
    },
    {
      "id": 438,
      "amount": 1
    },
    {
      "id": 439,
      "amount": 1
    },
    {
      "id": 440,
      "amount": 1
    },
    {
      "id": 441,
      "amount": 1
    },
    {
      "id": 442,
      "amount": 1
    },
    {
      "id": 443,
      "amount": 1
    },
    {
      "id": 444,
      "amount": 1
    },
    {
      "id": 445,
      "amount": 1
    },
    {
      "id": 446,
      "amount": 1
    },
    {
      "id": 447,
      "amount": 1
    },
    {
      "id": 448,
      "amount": 1
    },
    {
      "id": 449,
      "amount": 1
    },
    {
      "id": 450,
      "amount": 1
    },
    {
      "id": 451,
      "amount": 1
    },
    {
      "id": 452,
      "amount": 1
    },
    {
      "id": 453,
      "amount": 1
    },
    {
      "id": 454,
      "amount": 1
    },
    {
      "id": 455,
      "amount": 1
    },
    {
      "id": 456,
      "amount": 1
    },
    {
      "id": 457,
      "amount": 1
    },
    {
      "id": 458,
      "amount": 1
    },
    {
      "id": 459,
      "amount": 1
    },
    {
      "id": 460,
      "amount": 1
    },
    {
      "id": 461,
      "amount": 1
    },
    {
      "id": 462,
      "amount": 1
    },
    {
      "id": 463,
      "amount": 1
    },
    {
      "id": 464,
      "amount": 1
    },
    {
      "id": 465,
      "amount": 1
    },
    {
      "id": 466,
      "amount": 1
    },
    {
      "id": 467,
      "amount": 1
    },
    {
      "id": 468,
      "amount": 1
    },
    {
      "id": 469,
      "amount": 1
    },
    {
      "id": 470,
      "amount": 1
    },
    {
      "id": 471,
      "amount": 1
    },
    {
      "id": 472,
      "amount": 1
    },
    {
      "id": 473,
      "amount": 1
    },
    {
      "id": 474,
      "amount": 1
    },
    {
      "id": 475,
      "amount": 1
    },
    {
      "id": 476,
      "amount": 1
    },
    {
      "id": 477,
      "amount": 1
    },
    {
      "id": 478,
      "amount": 1
    },
    {
      "id": 479,
      "amount": 1
    },
    {
      "id": 480,
      "amount": 1
    },
    {
      "id": 481,
      "amount": 1
    },
    {
      "id": 482,
      "amount": 1
    },
    {
      "id": 483,
      "amount": 1
    },
    {
      "id": 484,
      "amount": 1
    },
    {
      "id": 485,
      "amount": 1
    },
    {
      "id": 486,
      "amount": 1
    },
    {
      "id": 487,
      "amount": 1
    },
    {
      "id": 488,
      "amount": 1
    },
    {
      "id": 489,
      "amount": 1
    },
    {
      "id": 490,
      "amount": 1
    },
    {
      "id": 491,
      "amount": 1
    },
    {
      "id": 492,
      "amount": 1
    },
    {
      "id": 493,
      "amount": 1
    },
    {
      "id": 494,
      "amount": 1
    },
    {
      "id": 495,
      "amount": 1
    },
    {
      "id": 496,
      "amount": 1
    },
    {
      "id": 497,
      "amount": 1
    },
    {
      "id": 498,
      "amount": 1
    },
    {
      "id": 499,
      "amount": 1
    },
    {
      "id": 500,
      "amount": 1
    },
    {
      "id": 501,
      "amount": 1
    },
    {
      "id": 502,
      "amount": 1
    },
    {
      "id": 503,
      "amount": 1
    },
    {
      "id": 504,
      "amount": 1
    },
    {
      "id": 505,
      "amount": 1
    },
    {
      "id": 506,
      "amount": 1
    },
    {
      "id": 507,
      "amount": 1
    },
    {
      "id": 508,
      "amount": 1
    },
    {
      "id": 509,
      "amount": 1
    },
    {
      "id": 510,
      "amount": 1
    },
    {
      "id": 511,
      "amount": 1
    },
    {
      "id": 512,
      "amount": 1
    },
    {
      "id": 513,
      "amount": 1
    },
    {
      "id": 514,
      "amount": 1
    },
    {
      "id": 515,
      "amount": 1
    },
    {
      "id": 516,
      "amount": 1
    },
    {
      "id": 517,
      "amount": 1
    },
    {
      "id": 518,
      "amount": 1
    },
    {
      "id": 519,
      "amount": 1
    },
    {
      "id": 520,
      "amount": 1
    },
    {
      "id": 521,
      "amount": 1
    },
    {
      "id": 522,
      "amount": 1
    },
    {
      "id": 523,
      "amount": 1
    },
    {
      "id": 524,
      "amount": 1
    },
    {
      "id": 525,
      "amount": 1
    },
    {
      "id": 526,
      "amount": 1
    },
    {
      "id": 527,
      "amount": 1
    },
    {
      "id": 528,
      "amount": 1
    },
    {
      "id": 529,
      "amount": 1
    },
    {
      "id": 530,
      "amount": 1
    },
    {
      "id": 531,
      "amount": 1
    },
    {
      "id": 532,
      "amount": 1
    },
    {
      "id": 533,
      "amount": 1
    },
    {
      "id": 534,
      "amount": 1
    },
    {
      "id": 535,
      "amount": 1
    },
    {
      "id": 536,
      "amount": 1
    },
    {
      "id": 537,
      "amount": 1
    },
    {
      "id": 538,
      "amount": 1
    },
    {
      "id": 539,
      "amount": 1
    },
    {
      "id": 540,
      "amount": 1
    },
    {
      "id": 541,
      "amount": 1
    },
    {
      "id": 542,
      "amount": 1
    },
    {
      "id": 543,
      "amount": 1
    },
    {
      "id": 544,
      "amount": 1
    },
    {
      "id": 545,
      "amount": 1
    },
    {
      "id": 546,
      "amount": 1
    },
    {
      "id": 547,
      "amount": 1
    },
    {
      "id": 548,
      "amount": 1
    },
    {
      "id": 549,
      "amount": 1
    },
    {
      "id": 550,
      "amount": 1
    },
    {
      "id": 551,
      "amount": 1
    },
    {
      "id": 552,
      "amount": 1
    },
    {
      "id": 553,
      "amount": 1
    },
    {
      "id": 554,
      "amount": 1
    },
    {
      "id": 555,
      "amount": 1
    },
    {
      "id": 556,
      "amount": 1
    },
    {
      "id": 557,
      "amount": 1
    },
    {
      "id": 558,
      "amount": 1
    },
    {
      "id": 559,
      "amount": 1
    },
    {
      "id": 560,
      "amount": 1
    },
    {
      "id": 561,
      "amount": 1
    },
    {
      "id": 562,
      "amount": 1
    },
    {
      "id": 563,
      "amount": 1
    },
    {
      "id": 564,
      "amount": 1
    },
    {
      "id": 565,
      "amount": 1
    },
    {
      "id": 566,
      "amount": 1
    },
    {
      "id": 567,
      "amount": 1
    },
    {
      "id": 568,
      "amount": 1
    },
    {
      "id": 569,
      "amount": 1
    },
    {
      "id": 570,
      "amount": 1
    },
    {
      "id": 571,
      "amount": 1
    },
    {
      "id": 572,
      "amount": 1
    },
    {
      "id": 573,
      "amount": 1
    },
    {
      "id": 574,
      "amount": 1
    },
    {
      "id": 575,
      "amount": 1
    },
    {
      "id": 576,
      "amount": 1
    },
    {
      "id": 577,
      "amount": 1
    },
    {
      "id": 578,
      "amount": 1
    },
    {
      "id": 579,
      "amount": 1
    },
    {
      "id": 580,
      "amount": 1
    },
    {
      "id": 581,
      "amount": 1
    },
    {
      "id": 582,
      "amount": 1
    },
    {
      "id": 583,
      "amount": 1
    },
    {
      "id": 584,
      "amount": 1
    },
    {
      "id": 585,
      "amount": 1
    },
    {
      "id": 586,
      "amount": 1
    },
    {
      "id": 587,
      "amount": 1
    },
    {
      "id": 588,
      "amount": 1
    },
    {
      "id": 589,
      "amount": 1
    },
    {
      "id": 590,
      "amount": 1
    },
    {
      "id": 591,
      "amount": 1
    },
    {
      "id": 592,
      "amount": 1
    },
    {
      "id": 593,
      "amount": 1
    },
    {
      "id": 594,
      "amount": 1
    },
    {
      "id": 595,
      "amount": 1
    },
    {
      "id": 596,
      "amount": 1
    },
    {
      "id": 597,
      "amount": 1
    },
    {
      "id": 598,
      "amount": 1
    },
    {
      "id": 599,
      "amount": 1
    },
    {
      "id": 600,
      "amount": 1
    },
    {
      "id": 601,
      "amount": 1
    },
    {
      "id": 602,
      "amount": 1
    },
    {
      "id": 603,
      "amount": 1
    },
    {
      "id": 604,
      "amount": 1
    },
    {
      "id": 605,
      "amount": 1
    },
    {
      "id": 606,
      "amount": 1
    },
    {
      "id": 607,
      "amount": 1
    },
    {
      "id": 608,
      "amount": 1
    },
    {
      "id": 609,
      "amount": 1
    },
    {
      "id": 610,
      "amount": 1
    },
    {
      "id": 611,
      "amount": 1
    },
    {
      "id": 612,
      "amount": 1
    },
    {
      "id": 613,
      "amount": 1
    },
    {
      "id": 614,
      "amount": 1
    },
    {
      "id": 615,
      "amount": 1
    },
    {
      "id": 616,
      "amount": 1
    },
    {
      "id": 617,
      "amount": 1
    },
    {
      "id": 618,
      "amount": 1
    },
    {
      "id": 619,
      "amount": 1
    },
    {
      "id": 620,
      "amount": 1
    },
    {
      "id": 621,
      "amount": 1
    },
    {
      "id": 622,
      "amount": 1
    },
    {
      "id": 623,
      "amount": 1
    },
    {
      "id": 624,
      "amount": 1
    },
    {
      "id": 625,
      "amount": 1
    },
    {
      "id": 626,
      "amount": 1
    },
    {
      "id": 627,
      "amount": 1
    },
    {
      "id": 628,
      "amount": 1
    },
    {
      "id": 629,
      "amount": 1
    },
    {
      "id": 630,
      "amount": 1
    },
    {
      "id": 631,
      "amount": 1
    },
    {
      "id": 632,
      "amount": 1
    },
    {
      "id": 633,
      "amount": 1
    },
    {
      "id": 634,
      "amount": 1
    },
    {
      "id": 635,
      "amount": 1
    },
    {
      "id": 636,
      "amount": 1
    },
    {
      "id": 637,
      "amount": 1
    },
    {
      "id": 638,
      "amount": 1
    },
    {
      "id": 639,
      "amount": 1
    },
    {
      "id": 640,
      "amount": 1
    },
    {
      "id": 641,
      "amount": 1
    },
    {
      "id": 642,
      "amount": 1
    },
    {
      "id": 643,
      "amount": 1
    },
    {
      "id": 644,
      "amount": 1
    },
    {
      "id": 645,
      "amount": 1
    },
    {
      "id": 646,
      "amount": 1
    },
    {
      "id": 647,
      "amount": 1
    },
    {
      "id": 648,
      "amount": 1
    },
    {
      "id": 649,
      "amount": 1
    },
    {
      "id": 650,
      "amount": 1
    },
    {
      "id": 651,
      "amount": 1
    },
    {
      "id": 652,
      "amount": 1
    },
    {
      "id": 653,
      "amount": 1
    },
    {
      "id": 654,
      "amount": 1
    },
    {
      "id": 655,
      "amount": 1
    },
    {
      "id": 656,
      "amount": 1
    },
    {
      "id": 657,
      "amount": 1
    },
    {
      "id": 658,
      "amount": 1
    },
    {
      "id": 659,
      "amount": 1
    },
    {
      "id": 660,
      "amount": 1
    },
    {
      "id": 661,
      "amount": 1
    },
    {
      "id": 662,
      "amount": 1
    },
    {
      "id": 663,
      "amount": 1
    },
    {
      "id": 664,
      "amount": 1
    },
    {
      "id": 665,
      "amount": 1
    },
    {
      "id": 666,
      "amount": 1
    },
    {
      "id": 667,
      "amount": 1
    },
    {
      "id": 668,
      "amount": 1
    },
    {
      "id": 669,
      "amount": 1
    },
    {
      "id": 670,
      "amount": 1
    },
    {
      "id": 671,
      "amount": 1
    },
    {
      "id": 672,
      "amount": 1
    },
    {
      "id": 673,
      "amount": 1
    },
    {
      "id": 674,
      "amount": 1
    },
    {
      "id": 675,
      "amount": 1
    },
    {
      "id": 676,
      "amount": 1
    },
    {
      "id": 677,
      "amount": 1
    },
    {
      "id": 678,
      "amount": 1
    },
    {
      "id": 679,
      "amount": 1
    },
    {
      "id": 680,
      "amount": 1
    },
    {
      "id": 681,
      "amount": 1
    },
    {
      "id": 682,
      "amount": 1
    },
    {
      "id": 683,
      "amount": 1
    },
    {
      "id": 684,
      "amount": 1
    },
    {
      "id": 685,
      "amount": 1
    },
    {
      "id": 686,
      "amount": 1
    },
    {
      "id": 687,
      "amount": 1
    },
    {
      "id": 688,
      "amount": 1
    },
    {
      "id": 689,
      "amount": 1
    },
    {
      "id": 690,
      "amount": 1
    },
    {
      "id": 691,
      "amount": 1
    },
    {
      "id": 692,
      "amount": 1
    },
    {
      "id": 693,
      "amount": 1
    },
    {
      "id": 694,
      "amount": 1
    },
    {
      "id": 695,
      "amount": 1
    },
    {
      "id": 696,
      "amount": 1
    },
    {
      "id": 697,
      "amount": 1
    },
    {
      "id": 698,
      "amount": 1
    },
    {
      "id": 699,
      "amount": 1
    },
    {
      "id": 700,
      "amount": 1
    },
    {
      "id": 701,
      "amount": 1
    },
    {
      "id": 702,
      "amount": 1
    },
    {
      "id": 703,
      "amount": 1
    },
    {
      "id": 704,
      "amount": 1
    },
    {
      "id": 705,
      "amount": 1
    },
    {
      "id": 706,
      "amount": 1
    },
    {
      "id": 707,
      "amount": 1
    },
    {
      "id": 708,
      "amount": 1
    },
    {
      "id": 709,
      "amount": 1
    },
    {
      "id": 710,
      "amount": 1
    },
    {
      "id": 711,
      "amount": 1
    },
    {
      "id": 712,
      "amount": 1
    },
    {
      "id": 713,
      "amount": 1
    },
    {
      "id": 714,
      "amount": 1
    },
    {
      "id": 715,
      "amount": 1
    },
    {
      "id": 716,
      "amount": 1
    },
    {
      "id": 717,
      "amount": 1
    },
    {
      "id": 718,
      "amount": 1
    },
    {
      "id": 719,
      "amount": 1
    },
    {
      "id": 720,
      "amount": 1
    },
    {
      "id": 721,
      "amount": 1
    },
    {
      "id": 722,
      "amount": 1
    },
    {
      "id": 723,
      "amount": 1
    },
    {
      "id": 724,
      "amount": 1
    },
    {
      "id": 725,
      "amount": 1
    },
    {
      "id": 726,
      "amount": 1
    },
    {
      "id": 727,
      "amount": 1
    },
    {
      "id": 728,
      "amount": 1
    },
    {
      "id": 729,
      "amount": 1
    },
    {
      "id": 730,
      "amount": 1
    },
    {
      "id": 731,
      "amount": 1
    },
    {
      "id": 732,
      "amount": 1
    },
    {
      "id": 733,
      "amount": 1
    },
    {
      "id": 734,
      "amount": 1
    },
    {
      "id": 735,
      "amount": 1
    },
    {
      "id": 736,
      "amount": 1
    },
    {
      "id": 737,
      "amount": 1
    },
    {
      "id": 738,
      "amount": 1
    },
    {
      "id": 739,
      "amount": 1
    },
    {
      "id": 740,
      "amount": 1
    },
    {
      "id": 741,
      "amount": 1
    },
    {
      "id": 742,
      "amount": 1
    },
    {
      "id": 743,
      "amount": 1
    },
    {
      "id": 744,
      "amount": 1
    },
    {
      "id": 745,
      "amount": 1
    },
    {
      "id": 746,
      "amount": 1
    },
    {
      "id": 747,
      "amount": 1
    },
    {
      "id": 748,
      "amount": 1
    },
    {
      "id": 749,
      "amount": 1
    },
    {
      "id": 750,
      "amount": 1
    },
    {
      "id": 751,
      "amount": 1
    },
    {
      "id": 752,
      "amount": 1
    },
    {
      "id": 753,
      "amount": 1
    },
    {
      "id": 754,
      "amount": 1
    },
    {
      "id": 755,
      "amount": 1
    },
    {
      "id": 756,
      "amount": 1
    },
    {
      "id": 757,
      "amount": 1
    },
    {
      "id": 758,
      "amount": 1
    },
    {
      "id": 759,
      "amount": 1
    },
    {
      "id": 760,
      "amount": 1
    },
    {
      "id": 761,
      "amount": 1
    },
    {
      "id": 762,
      "amount": 1
    },
    {
      "id": 763,
      "amount": 1
    },
    {
      "id": 764,
      "amount": 1
    },
    {
      "id": 765,
      "amount": 1
    },
    {
      "id": 766,
      "amount": 1
    },
    {
      "id": 767,
      "amount": 1
    },
    {
      "id": 768,
      "amount": 1
    },
    {
      "id": 769,
      "amount": 1
    },
    {
      "id": 770,
      "amount": 1
    },
    {
      "id": 771,
      "amount": 1
    },
    {
      "id": 772,
      "amount": 1
    },
    {
      "id": 773,
      "amount": 1
    },
    {
      "id": 774,
      "amount": 1
    },
    {
      "id": 775,
      "amount": 1
    },
    {
      "id": 776,
      "amount": 1
    },
    {
      "id": 777,
      "amount": 1
    },
    {
      "id": 778,
      "amount": 1
    },
    {
      "id": 779,
      "amount": 1
    },
    {
      "id": 780,
      "amount": 1
    },
    {
      "id": 781,
      "amount": 1
    },
    {
      "id": 782,
      "amount": 1
    },
    {
      "id": 783,
      "amount": 1
    },
    {
      "id": 784,
      "amount": 1
    },
    {
      "id": 785,
      "amount": 1
    },
    {
      "id": 786,
      "amount": 1
    },
    {
      "id": 787,
      "amount": 1
    },
    {
      "id": 788,
      "amount": 1
    },
    {
      "id": 789,
      "amount": 1
    },
    {
      "id": 790,
      "amount": 1
    },
    {
      "id": 791,
      "amount": 1
    },
    {
      "id": 792,
      "amount": 1
    },
    {
      "id": 793,
      "amount": 1
    },
    {
      "id": 794,
      "amount": 1
    },
    {
      "id": 795,
      "amount": 1
    },
    {
      "id": 796,
      "amount": 1
    },
    {
      "id": 797,
      "amount": 1
    },
    {
      "id": 798,
      "amount": 1
    },
    {
      "id": 799,
      "amount": 1
    }
  ],
  "varps": [
    {
      "id": 300,
      "value": 1000
    },
    {
      "id": 439,
      "value": 2
    },
    {
      "id": 843,
      "value": 20
    },
    {
      "id": 1050,
      "value": 16
    },
    {
      "id": 1055,
      "value": 8192
    },
    {
      "id": 1224,
      "value": 102793221
    },
    {
      "id": 1225,
      "value": 379887844
    },
    {
      "id": 1226,
      "value": 12
    },
    {
      "id": 1227,
      "value": 130023424
    }
  ],
  "skills": [
    {
      "level": 99,
      "xp": 1.3034431E7
    },
    {
      "level": 99,
      "xp": 1.3034431E7
    },
    {
      "level": 99,
      "xp": 1.3034431E7
    },
    {
      "level": 99,
      "xp": 1.3034431E7
    },
    {
      "level": 99,
      "xp": 1.3034431E7
    },
    {
      "level": 99,
      "xp": 1.3034431E7
    },
    {
      "level": 99,
      "xp": 1.3034431E7
    },
    {
      "level": 99,
      "xp": 1.3034431E7
    },
    {
      "level": 99,
      "xp": 1.3034431E7
    },
    {
      "level": 99,
      "xp": 1.3034431E7
    },
    {
      "level": 99,
      "xp": 1.3034431E7
    },
    {
      "level": 99,
      "xp": 1.3034431E7
    },
    {
      "level": 99,
      "xp": 1.3034431E7
    },
    {
      "level": 99,
      "xp": 1.3034431E7
    },
    {
      "level": 99,
      "xp": 1.3034431E7
    },
    {
      "level": 99,
      "xp": 1.3034431E7
    },
    {
      "level": 99,
      "xp": 1.3034431E7
    },
    {
      "level": 99,
      "xp": 1.3034431E7
    },
    {
      "level": 99,
      "xp": 1.3034431E7
    },
    {
      "level": 99,
      "xp": 1.3034431E7
    },
    {
      "level": 99,
      "xp": 1.3034431E7
    },
    {
      "level": 99,
      "xp": 1.3034431E7
    },
    {
      "level": 99,
      "xp": 1.3034431E7
    },
    {
      "level": 99,
      "xp": 1.3034431E7
    }
  ],
  "quickprayers": [],
  "autocastSpellChild": 0,
  "lastCastedSpellChild": 0,
  "autocasting": false
}