{
  "username": "g322g323g",
  "displayName": "g322g323g",
  "password": "23g23g",
  "receivedStarter": true,
  "tile": {
    "x": 3093,
    "z": 3503,
    "level": 0
  },
  "privilege": "ADMIN",
  "migration": 0,
  "skullIcon": -1,
  "prayerIcon": -1,
  "debug": false,
  "kills": 0,
  "deaths": 0,
  "inventory": [
    {
      "id": 5698,
      "amount": 1
    },
    {
      "id": 145,
      "amount": 1
    },
    {
      "id": 157,
      "amount": 1
    },
    {
      "id": 163,
      "amount": 1
    },
    {
      "id": 4153,
      "amount": 1
    },
    {
      "id": 385,
      "amount": 1
    },
    {
      "id": 385,
      "amount": 1
    },
    {
      "id": 385,
      "amount": 1
    },
    {
      "id": 385,
      "amount": 1
    },
    {
      "id": 385,
      "amount": 1
    },
    {
      "id": 385,
      "amount": 1
    },
    {
      "id": 385,
      "amount": 1
    },
    {
      "id": 385,
      "amount": 1
    },
    {
      "id": 385,
      "amount": 1
    },
    {
      "id": 385,
      "amount": 1
    },
    {
      "id": 385,
      "amount": 1
    },
    {
      "id": 385,
      "amount": 1
    },
    {
      "id": 385,
      "amount": 1
    },
    {
      "id": 385,
      "amount": 1
    },
    {
      "id": 385,
      "amount": 1
    },
    {
      "id": 385,
      "amount": 1
    },
    {
      "id": 385,
      "amount": 1
    },
    {
      "id": 385,
      "amount": 1
    },
    {
      "id": 385,
      "amount": 1
    },
    {
      "id": 385,
      "amount": 1
    },
    {
      "id": 385,
      "amount": 1
    },
    {
      "id": 385,
      "amount": 1
    },
    {
      "id": 385,
      "amount": 1
    }
  ],
  "equipment": [
    {
      "id": 10828,
      "amount": 1
    },
    {
      "id": 6570,
      "amount": 1
    },
    {
      "id": 6585,
      "amount": 1
    },
    {
      "id": 12006,
      "amount": 1
    },
    {
      "id": 10551,
      "amount": 1
    },
    {
      "id": 12954,
      "amount": 1
    },
    null,
    {
      "id": 4722,
      "amount": 1
    },
    null,
    {
      "id": 7462,
      "amount": 1
    },
    {
      "id": 11840,
      "amount": 1
    },
    null,
    {
      "id": 11773,
      "amount": 1
    },
    null
  ],
  "loadout": {
    "inventory": [
      null,
      null,
      null,
      null,
      null,
      null,
      null,
      null,
      null,
      null,
      null,
      null,
      null,
      null,
      null,
      null,
      null,
      null,
      null,
      null,
      null,
      null,
      null,
      null,
      null,
      null,
      null,
      null
    ],
    "equipment": [
      null,
      null,
      null,
      null,
      null,
      null,
      null,
      null,
      null,
      null,
      null,
      null,
      null,
      null
    ]
  },
  "bank": [],
  "varps": [
    {
      "id": 300,
      "value": 1000
    },
    {
      "id": 439,
      "value": 2
    },
    {
      "id": 843,
      "value": 20
    },
    {
      "id": 1050,
      "value": 16
    },
    {
      "id": 1055,
      "value": 8192
    },
    {
      "id": 1224,
      "value": 102793221
    },
    {
      "id": 1225,
      "value": 379887844
    },
    {
      "id": 1226,
      "value": 12
    },
    {
      "id": 1227,
      "value": 130023424
    }
  ],
  "skills": [
    {
      "level": 99,
      "xp": 1.3034431E7
    },
    {
      "level": 99,
      "xp": 1.3034431E7
    },
    {
      "level": 99,
      "xp": 1.3034431E7
    },
    {
      "level": 99,
      "xp": 1.3034431E7
    },
    {
      "level": 99,
      "xp": 1.3034431E7
    },
    {
      "level": 99,
      "xp": 1.3034431E7
    },
    {
      "level": 99,
      "xp": 1.3034431E7
    },
    {
      "level": 99,
      "xp": 1.3034431E7
    },
    {
      "level": 99,
      "xp": 1.3034431E7
    },
    {
      "level": 99,
      "xp": 1.3034431E7
    },
    {
      "level": 99,
      "xp": 1.3034431E7
    },
    {
      "level": 99,
      "xp": 1.3034431E7
    },
    {
      "level": 99,
      "xp": 1.3034431E7
    },
    {
      "level": 99,
      "xp": 1.3034431E7
    },
    {
      "level": 99,
      "xp": 1.3034431E7
    },
    {
      "level": 99,
      "xp": 1.3034431E7
    },
    {
      "level": 99,
      "xp": 1.3034431E7
    },
    {
      "level": 99,
      "xp": 1.3034431E7
    },
    {
      "level": 99,
      "xp": 1.3034431E7
    },
    {
      "level": 99,
      "xp": 1.3034431E7
    },
    {
      "level": 99,
      "xp": 1.3034431E7
    },
    {
      "level": 99,
      "xp": 1.3034431E7
    },
    {
      "level": 99,
      "xp": 1.3034431E7
    },
    {
      "level": 99,
      "xp": 1.3034431E7
    }
  ],
  "quickprayers": [],
  "autocastSpellChild": 0,
  "lastCastedSpellChild": 0,
  "autocasting": false
}