{
  "username": "sky",
  "displayName": "sky",
  "password": "test",
  "receivedStarter": true,
  "tile": {
    "x": 3092,
    "z": 3506,
    "level": 0
  },
  "privilege": "ADMIN",
  "migration": 0,
  "skullIcon": -1,
  "prayerIcon": -1,
  "debug": true,
  "kills": 2,
  "deaths": 0,
  "inventory": [
    {
      "id": 11802,
      "amount": 1
    },
    {
      "id": 159,
      "amount": 1
    },
    {
      "id": 163,
      "amount": 1
    },
    {
      "id": 147,
      "amount": 1
    },
    {
      "id": 6570,
      "amount": 1
    },
    {
      "id": 12006,
      "amount": 1
    },
    {
      "id": 12954,
      "amount": 1
    },
    {
      "id": 10551,
      "amount": 1
    },
    {
      "id": 4722,
      "amount": 1
    },
    {
      "id": 11840,
      "amount": 1
    },
    {
      "id": 4736,
      "amount": 1
    },
    {
      "id": 560,
      "amount": 9948
    },
    {
      "id": 565,
      "amount": 9964
    },
    {
      "id": 555,
      "amount": 9922
    },
    {
      "id": 4675,
      "amount": 1
    },
    {
      "id": 6889,
      "amount": 1
    },
    {
      "id": 397,
      "amount": 1
    },
    {
      "id": 397,
      "amount": 1
    },
    {
      "id": 397,
      "amount": 1
    },
    {
      "id": 397,
      "amount": 1
    },
    {
      "id": 397,
      "amount": 1
    },
    {
      "id": 397,
      "amount": 1
    },
    {
      "id": 397,
      "amount": 1
    },
    {
      "id": 397,
      "amount": 1
    },
    {
      "id": 397,
      "amount": 1
    },
    {
      "id": 397,
      "amount": 1
    },
    {
      "id": 397,
      "amount": 1
    },
    {
      "id": 397,
      "amount": 1
    }
  ],
  "equipment": [
    {
      "id": 10828,
      "amount": 1
    },
    {
      "id": 2412,
      "amount": 1
    },
    {
      "id": 6585,
      "amount": 1
    },
    {
      "id": 5698,
      "amount": 1
    },
    {
      "id": 4712,
      "amount": 1
    },
    null,
    null,
    {
      "id": 4714,
      "amount": 1
    },
    null,
    {
      "id": 7462,
      "amount": 1
    },
    {
      "id": 6920,
      "amount": 1
    },
    null,
    {
      "id": 11773,
      "amount": 1
    },
    null
  ],
  "loadout": {
    "inventory": [
      null,
      null,
      null,
      null,
      null,
      null,
      null,
      null,
      null,
      null,
      null,
      null,
      null,
      null,
      null,
      null,
      null,
      null,
      null,
      null,
      null,
      null,
      null,
      null,
      null,
      null,
      null,
      null
    ],
    "equipment": [
      null,
      null,
      null,
      null,
      null,
      null,
      null,
      null,
      null,
      null,
      null,
      null,
      null,
      null
    ]
  },
  "bank": [
    {
      "id": 5698,
      "amount": 1
    },
    {
      "id": 145,
      "amount": 1
    },
    {
      "id": 157,
      "amount": 1
    },
    {
      "id": 163,
      "amount": 1
    },
    {
      "id": 4153,
      "amount": 1
    },
    {
      "id": 385,
      "amount": 23
    },
    {
      "id": 10828,
      "amount": 1
    },
    {
      "id": 6570,
      "amount": 1
    },
    {
      "id": 6585,
      "amount": 1
    },
    {
      "id": 12006,
      "amount": 1
    },
    {
      "id": 10551,
      "amount": 1
    },
    {
      "id": 12954,
      "amount": 1
    },
    {
      "id": 4722,
      "amount": 1
    },
    {
      "id": 7462,
      "amount": 1
    },
    {
      "id": 11840,
      "amount": 1
    },
    {
      "id": 11773,
      "amount": 1
    }
  ],
  "varps": [
    {
      "id": 43,
      "value": 1
    },
    {
      "id": 173,
      "value": 1
    },
    {
      "id": 287,
      "value": 5
    },
    {
      "id": 300,
      "value": 1000
    },
    {
      "id": 439,
      "value": 1
    },
    {
      "id": 843,
      "value": 17
    },
    {
      "id": 1050,
      "value": 16
    },
    {
      "id": 1055,
      "value": 8192
    },
    {
      "id": 1105,
      "value": 1
    },
    {
      "id": 1224,
      "value": 102793221
    },
    {
      "id": 1225,
      "value": 379887844
    },
    {
      "id": 1226,
      "value": 12
    },
    {
      "id": 1227,
      "value": 130023426
    }
  ],
  "skills": [
    {
      "level": 99,
      "xp": 1.3034771E7
    },
    {
      "level": 99,
      "xp": 1.3034431E7
    },
    {
      "level": 99,
      "xp": 1.3035075E7
    },
    {
      "level": 99,
      "xp": 1.3034929E7
    },
    {
      "level": 99,
      "xp": 1.3034431E7
    },
    {
      "level": 99,
      "xp": 1.3034431E7
    },
    {
      "level": 99,
      "xp": 1.3034848E7
    },
    {
      "level": 99,
      "xp": 1.3034431E7
    },
    {
      "level": 99,
      "xp": 1.3034431E7
    },
    {
      "level": 99,
      "xp": 1.3034431E7
    },
    {
      "level": 99,
      "xp": 1.3034431E7
    },
    {
      "level": 99,
      "xp": 1.3034431E7
    },
    {
      "level": 99,
      "xp": 1.3034431E7
    },
    {
      "level": 99,
      "xp": 1.3034431E7
    },
    {
      "level": 99,
      "xp": 1.3034431E7
    },
    {
      "level": 99,
      "xp": 1.3034431E7
    },
    {
      "level": 99,
      "xp": 1.3034431E7
    },
    {
      "level": 99,
      "xp": 1.3034431E7
    },
    {
      "level": 99,
      "xp": 1.3034431E7
    },
    {
      "level": 99,
      "xp": 1.3034431E7
    },
    {
      "level": 99,
      "xp": 1.3034431E7
    },
    {
      "level": 99,
      "xp": 1.3034431E7
    },
    {
      "level": 99,
      "xp": 1.3034431E7
    },
    {
      "level": 99,
      "xp": 1.3034431E7
    }
  ],
  "quickprayers": [],
  "autocastSpellChild": 0,
  "lastCastedSpell": "ICE_BLITZ",
  "lastCastedSpellChild": 67,
  "autocasting": false
}