{
  "username": "tyler",
  "displayName": "tyler",
  "password": "coolboy",
  "receivedStarter": true,
  "tile": {
    "x": 3094,
    "z": 3496,
    "level": 0
  },
  "privilege": "ADMIN",
  "migration": 0,
  "skullIcon": 0,
  "prayerIcon": -1,
  "debug": false,
  "kills": 2,
  "deaths": 15,
  "inventory": [
    {
      "id": 5698,
      "amount": 1
    },
    {
      "id": 145,
      "amount": 1
    },
    {
      "id": 157,
      "amount": 1
    },
    {
      "id": 165,
      "amount": 1
    },
    {
      "id": 4153,
      "amount": 1
    },
    {
      "id": 10828,
      "amount": 1
    },
    {
      "id": 10551,
      "amount": 1
    },
    {
      "id": 4722,
      "amount": 1
    },
    {
      "id": 12954,
      "amount": 1
    },
    null,
    null,
    null,
    null,
    null,
    null,
    null,
    null,
    null,
    {
      "id": 385,
      "amount": 1
    },
    {
      "id": 385,
      "amount": 1
    },
    {
      "id": 385,
      "amount": 1
    },
    {
      "id": 385,
      "amount": 1
    },
    {
      "id": 385,
      "amount": 1
    },
    {
      "id": 385,
      "amount": 1
    },
    {
      "id": 385,
      "amount": 1
    },
    {
      "id": 385,
      "amount": 1
    },
    {
      "id": 385,
      "amount": 1
    },
    {
      "id": 385,
      "amount": 1
    }
  ],
  "equipment": [
    {
      "id": 4716,
      "amount": 1
    },
    {
      "id": 6570,
      "amount": 1
    },
    {
      "id": 6585,
      "amount": 1
    },
    {
      "id": 12006,
      "amount": 1
    },
    {
      "id": 4720,
      "amount": 1
    },
    {
      "id": 11284,
      "amount": 1
    },
    null,
    {
      "id": 4722,
      "amount": 1
    },
    null,
    {
      "id": 7462,
      "amount": 1
    },
    {
      "id": 11840,
      "amount": 1
    },
    null,
    {
      "id": 11773,
      "amount": 1
    },
    null
  ],
  "loadout": {
    "inventory": [
      null,
      null,
      null,
      null,
      null,
      null,
      null,
      null,
      null,
      null,
      null,
      null,
      null,
      null,
      null,
      null,
      null,
      null,
      null,
      null,
      null,
      null,
      null,
      null,
      null,
      null,
      null,
      null
    ],
    "equipment": [
      null,
      null,
      null,
      null,
      null,
      null,
      null,
      null,
      null,
      null,
      null,
      null,
      null,
      null
    ]
  },
  "bank": [
    {
      "id": 4708,
      "amount": 1000
    },
    {
      "id": 4712,
      "amount": 1002
    },
    {
      "id": 6920,
      "amount": 1002
    },
    {
      "id": 4714,
      "amount": 1002
    },
    {
      "id": 6585,
      "amount": 1002
    },
    {
      "id": 7462,
      "amount": 42
    },
    {
      "id": 6914,
      "amount": 1000
    },
    {
      "id": 6889,
      "amount": 1003
    },
    {
      "id": 2414,
      "amount": 20
    },
    {
      "id": 4736,
      "amount": 1004
    },
    {
      "id": 12006,
      "amount": 23
    },
    {
      "id": 6570,
      "amount": 23
    },
    {
      "id": 12954,
      "amount": 23
    },
    {
      "id": 11840,
      "amount": 1003
    },
    {
      "id": 11832,
      "amount": 20
    },
    {
      "id": 11834,
      "amount": 1000
    },
    {
      "id": 11802,
      "amount": 20
    },
    {
      "id": 10828,
      "amount": 22
    },
    {
      "id": 6737,
      "amount": 1000
    },
    {
      "id": 5698,
      "amount": 1004
    },
    {
      "id": 4753,
      "amount": 1000
    },
    {
      "id": 10370,
      "amount": 1000
    },
    {
      "id": 10372,
      "amount": 1000
    },
    {
      "id": 4759,
      "amount": 1000
    },
    {
      "id": 10696,
      "amount": 21
    },
    {
      "id": 6733,
      "amount": 20
    },
    {
      "id": 11785,
      "amount": 21
    },
    {
      "id": 9244,
      "amount": 1000000
    },
    {
      "id": 11284,
      "amount": 19
    },
    {
      "id": 10499,
      "amount": 21
    },
    {
      "id": 4716,
      "amount": 999
    },
    {
      "id": 4720,
      "amount": 999
    },
    {
      "id": 4722,
      "amount": 1002
    },
    {
      "id": 4718,
      "amount": 1000
    },
    {
      "id": 4153,
      "amount": 1001
    },
    {
      "id": 4675,
      "amount": 1002
    },
    {
      "id": 6918,
      "amount": 1000
    },
    {
      "id": 6916,
      "amount": 1000
    },
    {
      "id": 6924,
      "amount": 1000
    },
    {
      "id": 10551,
      "amount": 23
    },
    {
      "id": 2617,
      "amount": 1000
    },
    {
      "id": 8850,
      "amount": 20
    },
    {
      "id": 3105,
      "amount": 1000
    },
    {
      "id": 2503,
      "amount": 1000
    },
    {
      "id": 6685,
      "amount": 1000
    },
    {
      "id": 3024,
      "amount": 1000
    },
    {
      "id": 2440,
      "amount": 1000
    },
    {
      "id": 2436,
      "amount": 1000
    },
    {
      "id": 397,
      "amount": 1028
    },
    {
      "id": 555,
      "amount": 1029790
    },
    {
      "id": 565,
      "amount": 1029930
    },
    {
      "id": 560,
      "amount": 1029860
    },
    {
      "id": 9075,
      "amount": 1000000
    },
    {
      "id": 557,
      "amount": 1000000
    },
    {
      "id": 385,
      "amount": 1005
    },
    {
      "id": 2448,
      "amount": 1000
    },
    {
      "id": 157,
      "amount": 2
    },
    {
      "id": 163,
      "amount": 2
    },
    {
      "id": 145,
      "amount": 2
    },
    {
      "id": 2412,
      "amount": 2
    },
    {
      "id": 11773,
      "amount": 2
    },
    {
      "id": 4708,
      "amount": 1000
    },
    {
      "id": 4712,
      "amount": 1001
    },
    {
      "id": 6920,
      "amount": 1001
    },
    {
      "id": 4714,
      "amount": 1001
    },
    {
      "id": 6585,
      "amount": 1001
    },
    {
      "id": 7462,
      "amount": 41
    },
    {
      "id": 6914,
      "amount": 1000
    },
    {
      "id": 6889,
      "amount": 1001
    },
    {
      "id": 2414,
      "amount": 20
    },
    {
      "id": 4736,
      "amount": 1002
    },
    {
      "id": 12006,
      "amount": 22
    },
    {
      "id": 6570,
      "amount": 22
    },
    {
      "id": 12954,
      "amount": 22
    },
    {
      "id": 11840,
      "amount": 1002
    },
    {
      "id": 11832,
      "amount": 20
    },
    {
      "id": 11834,
      "amount": 1000
    },
    {
      "id": 11802,
      "amount": 20
    },
    {
      "id": 10828,
      "amount": 21
    },
    {
      "id": 6737,
      "amount": 1000
    },
    {
      "id": 5698,
      "amount": 1003
    },
    {
      "id": 4753,
      "amount": 1000
    },
    {
      "id": 10370,
      "amount": 1000
    },
    {
      "id": 10372,
      "amount": 1000
    },
    {
      "id": 4759,
      "amount": 1000
    },
    {
      "id": 10696,
      "amount": 18
    },
    {
      "id": 6733,
      "amount": 20
    },
    {
      "id": 11785,
      "amount": 20
    },
    {
      "id": 9244,
      "amount": 1000000
    },
    {
      "id": 11284,
      "amount": 20
    },
    {
      "id": 10499,
      "amount": 20
    },
    {
      "id": 4716,
      "amount": 1000
    },
    {
      "id": 4720,
      "amount": 1000
    },
    {
      "id": 4722,
      "amount": 1002
    },
    {
      "id": 4718,
      "amount": 1000
    },
    {
      "id": 4153,
      "amount": 1001
    },
    {
      "id": 4675,
      "amount": 1001
    },
    {
      "id": 6918,
      "amount": 1000
    },
    {
      "id": 6916,
      "amount": 1000
    },
    {
      "id": 6924,
      "amount": 1000
    },
    {
      "id": 10551,
      "amount": 22
    },
    {
      "id": 2617,
      "amount": 1000
    },
    {
      "id": 8850,
      "amount": 20
    },
    {
      "id": 3105,
      "amount": 1000
    },
    {
      "id": 2503,
      "amount": 1000
    },
    {
      "id": 6685,
      "amount": 1000
    },
    {
      "id": 3024,
      "amount": 1000
    },
    {
      "id": 2440,
      "amount": 1000
    },
    {
      "id": 2436,
      "amount": 1000
    },
    {
      "id": 397,
      "amount": 1028
    },
    {
      "id": 555,
      "amount": 1020000
    },
    {
      "id": 565,
      "amount": 1020000
    },
    {
      "id": 560,
      "amount": 1020000
    },
    {
      "id": 9075,
      "amount": 1000000
    },
    {
      "id": 557,
      "amount": 1000000
    },
    {
      "id": 385,
      "amount": 1000
    },
    {
      "id": 2448,
      "amount": 1000
    },
    {
      "id": 157,
      "amount": 1
    },
    {
      "id": 163,
      "amount": 1
    },
    {
      "id": 145,
      "amount": 1
    },
    {
      "id": 2412,
      "amount": 1
    },
    {
      "id": 11773,
      "amount": 1
    },
    {
      "id": 4708,
      "amount": 1000
    },
    {
      "id": 4712,
      "amount": 1001
    },
    {
      "id": 6920,
      "amount": 1001
    },
    {
      "id": 4714,
      "amount": 1001
    },
    {
      "id": 6585,
      "amount": 1001
    },
    {
      "id": 7462,
      "amount": 41
    },
    {
      "id": 6914,
      "amount": 1000
    },
    {
      "id": 6889,
      "amount": 1000
    },
    {
      "id": 2414,
      "amount": 20
    },
    {
      "id": 4736,
      "amount": 1001
    },
    {
      "id": 12006,
      "amount": 22
    },
    {
      "id": 6570,
      "amount": 22
    },
    {
      "id": 12954,
      "amount": 22
    },
    {
      "id": 11840,
      "amount": 1002
    },
    {
      "id": 11832,
      "amount": 20
    },
    {
      "id": 11834,
      "amount": 1000
    },
    {
      "id": 11802,
      "amount": 20
    },
    {
      "id": 10828,
      "amount": 21
    },
    {
      "id": 6737,
      "amount": 1000
    },
    {
      "id": 5698,
      "amount": 1003
    },
    {
      "id": 4753,
      "amount": 1000
    },
    {
      "id": 10370,
      "amount": 1000
    },
    {
      "id": 10372,
      "amount": 1000
    },
    {
      "id": 4759,
      "amount": 1000
    },
    {
      "id": 10696,
      "amount": 18
    },
    {
      "id": 6733,
      "amount": 20
    },
    {
      "id": 11785,
      "amount": 19
    },
    {
      "id": 9244,
      "amount": 1000000
    },
    {
      "id": 11284,
      "amount": 20
    },
    {
      "id": 10499,
      "amount": 19
    },
    {
      "id": 4716,
      "amount": 1000
    },
    {
      "id": 4720,
      "amount": 1000
    },
    {
      "id": 4722,
      "amount": 1002
    },
    {
      "id": 4718,
      "amount": 1000
    },
    {
      "id": 4153,
      "amount": 1001
    },
    {
      "id": 4675,
      "amount": 1001
    },
    {
      "id": 6918,
      "amount": 1000
    },
    {
      "id": 6916,
      "amount": 1000
    },
    {
      "id": 6924,
      "amount": 1000
    },
    {
      "id": 10551,
      "amount": 22
    },
    {
      "id": 2617,
      "amount": 1000
    },
    {
      "id": 8850,
      "amount": 20
    },
    {
      "id": 3105,
      "amount": 1000
    },
    {
      "id": 2503,
      "amount": 1000
    },
    {
      "id": 6685,
      "amount": 1000
    },
    {
      "id": 3024,
      "amount": 1000
    },
    {
      "id": 2440,
      "amount": 1000
    },
    {
      "id": 2436,
      "amount": 1000
    },
    {
      "id": 397,
      "amount": 1037
    },
    {
      "id": 555,
      "amount": 1020000
    },
    {
      "id": 565,
      "amount": 1020000
    },
    {
      "id": 560,
      "amount": 1020000
    },
    {
      "id": 9075,
      "amount": 1000000
    },
    {
      "id": 557,
      "amount": 1000000
    },
    {
      "id": 385,
      "amount": 1000
    },
    {
      "id": 2448,
      "amount": 1000
    },
    {
      "id": 157,
      "amount": 1
    },
    {
      "id": 163,
      "amount": 1
    },
    {
      "id": 145,
      "amount": 1
    },
    {
      "id": 2412,
      "amount": 1
    },
    {
      "id": 11773,
      "amount": 1
    },
    {
      "id": 4708,
      "amount": 1000
    },
    {
      "id": 4712,
      "amount": 1001
    },
    {
      "id": 6920,
      "amount": 1001
    },
    {
      "id": 4714,
      "amount": 1001
    },
    {
      "id": 6585,
      "amount": 1001
    },
    {
      "id": 7462,
      "amount": 41
    },
    {
      "id": 6914,
      "amount": 1000
    },
    {
      "id": 6889,
      "amount": 1001
    },
    {
      "id": 2414,
      "amount": 20
    },
    {
      "id": 4736,
      "amount": 1002
    },
    {
      "id": 12006,
      "amount": 22
    },
    {
      "id": 6570,
      "amount": 22
    },
    {
      "id": 12954,
      "amount": 22
    },
    {
      "id": 11840,
      "amount": 1002
    },
    {
      "id": 11832,
      "amount": 20
    },
    {
      "id": 11834,
      "amount": 1000
    },
    {
      "id": 11802,
      "amount": 20
    },
    {
      "id": 10828,
      "amount": 21
    },
    {
      "id": 6737,
      "amount": 1000
    },
    {
      "id": 5698,
      "amount": 1003
    },
    {
      "id": 4753,
      "amount": 1000
    },
    {
      "id": 10370,
      "amount": 1000
    },
    {
      "id": 10372,
      "amount": 1000
    },
    {
      "id": 4759,
      "amount": 1000
    },
    {
      "id": 10696,
      "amount": 20
    },
    {
      "id": 6733,
      "amount": 20
    },
    {
      "id": 11785,
      "amount": 20
    },
    {
      "id": 9244,
      "amount": 1000000
    },
    {
      "id": 11284,
      "amount": 20
    },
    {
      "id": 10499,
      "amount": 20
    },
    {
      "id": 4716,
      "amount": 1000
    },
    {
      "id": 4720,
      "amount": 1000
    },
    {
      "id": 4722,
      "amount": 1002
    },
    {
      "id": 4718,
      "amount": 1000
    },
    {
      "id": 4153,
      "amount": 1001
    },
    {
      "id": 4675,
      "amount": 1001
    },
    {
      "id": 6918,
      "amount": 1000
    },
    {
      "id": 6916,
      "amount": 1000
    },
    {
      "id": 6924,
      "amount": 1000
    },
    {
      "id": 10551,
      "amount": 22
    },
    {
      "id": 2617,
      "amount": 1000
    },
    {
      "id": 8850,
      "amount": 20
    },
    {
      "id": 3105,
      "amount": 1000
    },
    {
      "id": 2503,
      "amount": 1000
    },
    {
      "id": 6685,
      "amount": 1000
    },
    {
      "id": 3024,
      "amount": 1000
    },
    {
      "id": 2440,
      "amount": 1000
    },
    {
      "id": 2436,
      "amount": 1000
    },
    {
      "id": 397,
      "amount": 1028
    },
    {
      "id": 555,
      "amount": 1020000
    },
    {
      "id": 565,
      "amount": 1020000
    },
    {
      "id": 560,
      "amount": 1020000
    },
    {
      "id": 9075,
      "amount": 1000000
    },
    {
      "id": 557,
      "amount": 1000000
    },
    {
      "id": 385,
      "amount": 1000
    },
    {
      "id": 2448,
      "amount": 1000
    },
    {
      "id": 157,
      "amount": 1
    },
    {
      "id": 163,
      "amount": 1
    },
    {
      "id": 145,
      "amount": 1
    },
    {
      "id": 2412,
      "amount": 1
    },
    {
      "id": 11773,
      "amount": 1
    },
    {
      "id": 4708,
      "amount": 1000
    },
    {
      "id": 4712,
      "amount": 1001
    },
    {
      "id": 6920,
      "amount": 1001
    },
    {
      "id": 4714,
      "amount": 1001
    },
    {
      "id": 6585,
      "amount": 1001
    },
    {
      "id": 7462,
      "amount": 41
    },
    {
      "id": 6914,
      "amount": 1000
    },
    {
      "id": 6889,
      "amount": 1001
    },
    {
      "id": 2414,
      "amount": 20
    },
    {
      "id": 4736,
      "amount": 1002
    },
    {
      "id": 12006,
      "amount": 22
    },
    {
      "id": 6570,
      "amount": 22
    },
    {
      "id": 12954,
      "amount": 22
    },
    {
      "id": 11840,
      "amount": 1002
    },
    {
      "id": 11832,
      "amount": 20
    },
    {
      "id": 11834,
      "amount": 1000
    },
    {
      "id": 11802,
      "amount": 20
    },
    {
      "id": 10828,
      "amount": 21
    },
    {
      "id": 6737,
      "amount": 1000
    },
    {
      "id": 5698,
      "amount": 1003
    },
    {
      "id": 4753,
      "amount": 1000
    },
    {
      "id": 10370,
      "amount": 1000
    },
    {
      "id": 10372,
      "amount": 1000
    },
    {
      "id": 4759,
      "amount": 1000
    },
    {
      "id": 10696,
      "amount": 20
    },
    {
      "id": 6733,
      "amount": 20
    },
    {
      "id": 11785,
      "amount": 20
    },
    {
      "id": 9244,
      "amount": 1000000
    },
    {
      "id": 11284,
      "amount": 20
    },
    {
      "id": 10499,
      "amount": 20
    },
    {
      "id": 4716,
      "amount": 1000
    },
    {
      "id": 4720,
      "amount": 1000
    },
    {
      "id": 4722,
      "amount": 1002
    },
    {
      "id": 4718,
      "amount": 1000
    },
    {
      "id": 4153,
      "amount": 1001
    },
    {
      "id": 4675,
      "amount": 1001
    },
    {
      "id": 6918,
      "amount": 1000
    },
    {
      "id": 6916,
      "amount": 1000
    },
    {
      "id": 6924,
      "amount": 1000
    },
    {
      "id": 10551,
      "amount": 22
    },
    {
      "id": 2617,
      "amount": 1000
    },
    {
      "id": 8850,
      "amount": 20
    },
    {
      "id": 3105,
      "amount": 1000
    },
    {
      "id": 2503,
      "amount": 1000
    },
    {
      "id": 6685,
      "amount": 1000
    },
    {
      "id": 3024,
      "amount": 1000
    },
    {
      "id": 2440,
      "amount": 1000
    },
    {
      "id": 2436,
      "amount": 1000
    },
    {
      "id": 397,
      "amount": 1028
    },
    {
      "id": 555,
      "amount": 1020000
    },
    {
      "id": 565,
      "amount": 1020000
    },
    {
      "id": 560,
      "amount": 1020000
    },
    {
      "id": 9075,
      "amount": 1000000
    },
    {
      "id": 557,
      "amount": 1000000
    },
    {
      "id": 385,
      "amount": 1000
    },
    {
      "id": 2448,
      "amount": 1000
    },
    {
      "id": 157,
      "amount": 1
    },
    {
      "id": 163,
      "amount": 1
    },
    {
      "id": 145,
      "amount": 1
    },
    {
      "id": 2412,
      "amount": 1
    },
    {
      "id": 11773,
      "amount": 1
    },
    {
      "id": 4708,
      "amount": 1000
    },
    {
      "id": 4712,
      "amount": 1001
    },
    {
      "id": 6920,
      "amount": 1001
    },
    {
      "id": 4714,
      "amount": 1001
    },
    {
      "id": 6585,
      "amount": 1001
    },
    {
      "id": 7462,
      "amount": 41
    },
    {
      "id": 6914,
      "amount": 1000
    },
    {
      "id": 6889,
      "amount": 1001
    },
    {
      "id": 2414,
      "amount": 20
    },
    {
      "id": 4736,
      "amount": 1002
    },
    {
      "id": 12006,
      "amount": 22
    },
    {
      "id": 6570,
      "amount": 22
    },
    {
      "id": 12954,
      "amount": 22
    },
    {
      "id": 11840,
      "amount": 1002
    },
    {
      "id": 11832,
      "amount": 20
    },
    {
      "id": 11834,
      "amount": 1000
    },
    {
      "id": 11802,
      "amount": 20
    },
    {
      "id": 10828,
      "amount": 21
    },
    {
      "id": 6737,
      "amount": 1000
    },
    {
      "id": 5698,
      "amount": 1003
    },
    {
      "id": 4753,
      "amount": 1000
    },
    {
      "id": 10370,
      "amount": 1000
    },
    {
      "id": 10372,
      "amount": 1000
    },
    {
      "id": 4759,
      "amount": 1000
    },
    {
      "id": 10696,
      "amount": 20
    },
    {
      "id": 6733,
      "amount": 20
    },
    {
      "id": 11785,
      "amount": 20
    },
    {
      "id": 9244,
      "amount": 1000000
    },
    {
      "id": 11284,
      "amount": 20
    },
    {
      "id": 10499,
      "amount": 20
    },
    {
      "id": 4716,
      "amount": 1000
    },
    {
      "id": 4720,
      "amount": 1000
    },
    {
      "id": 4722,
      "amount": 1002
    },
    {
      "id": 4718,
      "amount": 1000
    },
    {
      "id": 4153,
      "amount": 1001
    },
    {
      "id": 4675,
      "amount": 1001
    },
    {
      "id": 6918,
      "amount": 1000
    },
    {
      "id": 6916,
      "amount": 1000
    },
    {
      "id": 6924,
      "amount": 1000
    },
    {
      "id": 10551,
      "amount": 22
    },
    {
      "id": 2617,
      "amount": 1000
    },
    {
      "id": 8850,
      "amount": 20
    },
    {
      "id": 3105,
      "amount": 1000
    },
    {
      "id": 2503,
      "amount": 1000
    },
    {
      "id": 6685,
      "amount": 1000
    },
    {
      "id": 3024,
      "amount": 1000
    },
    {
      "id": 2440,
      "amount": 1000
    },
    {
      "id": 2436,
      "amount": 1000
    },
    {
      "id": 397,
      "amount": 1028
    },
    {
      "id": 555,
      "amount": 1020000
    },
    {
      "id": 565,
      "amount": 1020000
    },
    {
      "id": 560,
      "amount": 1020000
    },
    {
      "id": 9075,
      "amount": 1000000
    },
    {
      "id": 557,
      "amount": 1000000
    },
    {
      "id": 385,
      "amount": 1000
    },
    {
      "id": 2448,
      "amount": 1000
    },
    {
      "id": 157,
      "amount": 1
    },
    {
      "id": 163,
      "amount": 1
    },
    {
      "id": 145,
      "amount": 1
    },
    {
      "id": 2412,
      "amount": 1
    },
    {
      "id": 11773,
      "amount": 1
    },
    {
      "id": 2577,
      "amount": 21
    },
    {
      "id": 4732,
      "amount": 1
    },
    {
      "id": 4738,
      "amount": 1
    }
  ],
  "varps": [
    {
      "id": 173,
      "value": 1
    },
    {
      "id": 300,
      "value": 1000
    },
    {
      "id": 439,
      "value": 2
    },
    {
      "id": 843,
      "value": 20
    },
    {
      "id": 1050,
      "value": 16
    },
    {
      "id": 1055,
      "value": 8192
    },
    {
      "id": 1224,
      "value": 102793221
    },
    {
      "id": 1225,
      "value": 379887844
    },
    {
      "id": 1226,
      "value": 12
    },
    {
      "id": 1227,
      "value": 130023424
    }
  ],
  "skills": [
    {
      "level": 99,
      "xp": 1.3034855E7
    },
    {
      "level": 99,
      "xp": 1.3034431E7
    },
    {
      "level": 99,
      "xp": 1.3034431E7
    },
    {
      "level": 99,
      "xp": 1.3034597249999998E7
    },
    {
      "level": 99,
      "xp": 1.3034431E7
    },
    {
      "level": 99,
      "xp": 1.3034431E7
    },
    {
      "level": 99,
      "xp": 1.3034431E7
    },
    {
      "level": 99,
      "xp": 1.3034431E7
    },
    {
      "level": 99,
      "xp": 1.3034431E7
    },
    {
      "level": 99,
      "xp": 1.3034431E7
    },
    {
      "level": 99,
      "xp": 1.3034431E7
    },
    {
      "level": 99,
      "xp": 1.3034431E7
    },
    {
      "level": 99,
      "xp": 1.3034431E7
    },
    {
      "level": 99,
      "xp": 1.3034431E7
    },
    {
      "level": 99,
      "xp": 1.3034431E7
    },
    {
      "level": 99,
      "xp": 1.3034431E7
    },
    {
      "level": 99,
      "xp": 1.3034431E7
    },
    {
      "level": 99,
      "xp": 1.3034431E7
    },
    {
      "level": 99,
      "xp": 1.3034431E7
    },
    {
      "level": 99,
      "xp": 1.3034431E7
    },
    {
      "level": 99,
      "xp": 1.3034431E7
    },
    {
      "level": 99,
      "xp": 1.3034431E7
    },
    {
      "level": 99,
      "xp": 1.3034431E7
    },
    {
      "level": 99,
      "xp": 1.3034431E7
    }
  ],
  "quickprayers": [
    "PROTECT_ITEM",
    "PIETY"
  ],
  "autocastSpell": "ICE_BARRAGE",
  "autocastSpellChild": 69,
  "lastCastedSpell": "ICE_BARRAGE",
  "lastCastedSpellChild": 69,
  "autocasting": false
}