{
  "username": "sky1",
  "displayName": "sky1",
  "password": "test",
  "tile": {
    "x": 3093,
    "z": 3503,
    "level": 0
  },
  "privilege": "ADMIN",
  "migration": 0,
  "skullIcon": -1,
  "prayerIcon": -1,
  "debug": false,
  "inventory": [
    null,
    null,
    null,
    null,
    null,
    null,
    null,
    null,
    null,
    null,
    null,
    null,
    null,
    null,
    null,
    null,
    null,
    null,
    null,
    null,
    null,
    null,
    null,
    null,
    null,
    null,
    null,
    null
  ],
  "equipment": [
    null,
    null,
    null,
    null,
    null,
    null,
    null,
    null,
    null,
    null,
    null,
    null,
    null,
    null
  ],
  "loadout": {
    "inventory": [
      null,
      null,
      null,
      null,
      null,
      null,
      null,
      null,
      null,
      null,
      null,
      null,
      null,
      null,
      null,
      null,
      null,
      null,
      null,
      null,
      null,
      null,
      null,
      null,
      null,
      null,
      null,
      null
    ],
    "equipment": [
      null,
      null,
      null,
      null,
      null,
      null,
      null,
      null,
      null,
      null,
      null,
      null,
      null,
      null
    ]
  },
  "varps": [
    {
      "id": 300,
      "value": 1000
    },
    {
      "id": 1050,
      "value": 16
    },
    {
      "id": 1224,
      "value": 102793221
    },
    {
      "id": 1225,
      "value": 379887844
    },
    {
      "id": 1226,
      "value": 12
    }
  ],
  "skills": [
    {
      "level": 1,
      "xp": 0.0
    },
    {
      "level": 1,
      "xp": 0.0
    },
    {
      "level": 1,
      "xp": 0.0
    },
    {
      "level": 10,
      "xp": 1154.0
    },
    {
      "level": 1,
      "xp": 0.0
    },
    {
      "level": 1,
      "xp": 0.0
    },
    {
      "level": 1,
      "xp": 0.0
    },
    {
      "level": 1,
      "xp": 0.0
    },
    {
      "level": 1,
      "xp": 0.0
    },
    {
      "level": 1,
      "xp": 0.0
    },
    {
      "level": 1,
      "xp": 0.0
    },
    {
      "level": 1,
      "xp": 0.0
    },
    {
      "level": 1,
      "xp": 0.0
    },
    {
      "level": 1,
      "xp": 0.0
    },
    {
      "level": 1,
      "xp": 0.0
    },
    {
      "level": 1,
      "xp": 0.0
    },
    {
      "level": 1,
      "xp": 0.0
    },
    {
      "level": 1,
      "xp": 0.0
    },
    {
      "level": 1,
      "xp": 0.0
    },
    {
      "level": 1,
      "xp": 0.0
    },
    {
      "level": 1,
      "xp": 0.0
    },
    {
      "level": 1,
      "xp": 0.0
    },
    {
      "level": 1,
      "xp": 0.0
    },
    {
      "level": 1,
      "xp": 0.0
    }
  ]
}